name,title,level,facing,categories,description,detail,remediation,metadata,cache_key
security_definer_view,Security Definer View,ERROR,EXTERNAL,"[""SECURITY""]","Detects views defined with the SECURITY DEFINER property. These views enforce Postgres permissions and row level security policies (RLS) of the view creator, rather than that of the querying user",View \`public.pipeline_finalizing_queue\` is defined with the SECURITY DEFINER property,https://supabase.com/docs/guides/database/database-linter?lint=0010_security_definer_view,"{""name"":""pipeline_finalizing_queue"",""type"":""view"",""schema"":""public""}",security_definer_view_public_pipeline_finalizing_queue
security_definer_view,Security Definer View,ERROR,EXTERNAL,"[""SECURITY""]","Detects views defined with the SECURITY DEFINER property. These views enforce Postgres permissions and row level security policies (RLS) of the view creator, rather than that of the querying user",View \`public.dashboard_migration_progress\` is defined with the SECURITY DEFINER property,https://supabase.com/docs/guides/database/database-linter?lint=0010_security_definer_view,"{""name"":""dashboard_migration_progress"",""type"":""view"",""schema"":""public""}",security_definer_view_public_dashboard_migration_progress
security_definer_view,Security Definer View,ERROR,EXTERNAL,"[""SECURITY""]","Detects views defined with the SECURITY DEFINER property. These views enforce Postgres permissions and row level security policies (RLS) of the view creator, rather than that of the querying user",View \`public.admin_orders_list\` is defined with the SECURITY DEFINER property,https://supabase.com/docs/guides/database/database-linter?lint=0010_security_definer_view,"{""name"":""admin_orders_list"",""type"":""view"",""schema"":""public""}",security_definer_view_public_admin_orders_list
security_definer_view,Security Definer View,ERROR,EXTERNAL,"[""SECURITY""]","Detects views defined with the SECURITY DEFINER property. These views enforce Postgres permissions and row level security policies (RLS) of the view creator, rather than that of the querying user",View \`public.dashboard_order_stats\` is defined with the SECURITY DEFINER property,https://supabase.com/docs/guides/database/database-linter?lint=0010_security_definer_view,"{""name"":""dashboard_order_stats"",""type"":""view"",""schema"":""public""}",security_definer_view_public_dashboard_order_stats
security_definer_view,Security Definer View,ERROR,EXTERNAL,"[""SECURITY""]","Detects views defined with the SECURITY DEFINER property. These views enforce Postgres permissions and row level security policies (RLS) of the view creator, rather than that of the querying user",View \`public.pipeline_finalized_review\` is defined with the SECURITY DEFINER property,https://supabase.com/docs/guides/database/database-linter?lint=0010_security_definer_view,"{""name"":""pipeline_finalized_review"",""type"":""view"",""schema"":""public""}",security_definer_view_public_pipeline_finalized_review
security_definer_view,Security Definer View,ERROR,EXTERNAL,"[""SECURITY""]","Detects views defined with the SECURITY DEFINER property. These views enforce Postgres permissions and row level security policies (RLS) of the view creator, rather than that of the querying user",View \`public.pipeline_export_queue\` is defined with the SECURITY DEFINER property,https://supabase.com/docs/guides/database/database-linter?lint=0010_security_definer_view,"{""name"":""pipeline_export_queue"",""type"":""view"",""schema"":""public""}",security_definer_view_public_pipeline_export_queue
security_definer_view,Security Definer View,ERROR,EXTERNAL,"[""SECURITY""]","Detects views defined with the SECURITY DEFINER property. These views enforce Postgres permissions and row level security policies (RLS) of the view creator, rather than that of the querying user",View \`public.dashboard_product_stats\` is defined with the SECURITY DEFINER property,https://supabase.com/docs/guides/database/database-linter?lint=0010_security_definer_view,"{""name"":""dashboard_product_stats"",""type"":""view"",""schema"":""public""}",security_definer_view_public_dashboard_product_stats
security_definer_view,Security Definer View,ERROR,EXTERNAL,"[""SECURITY""]","Detects views defined with the SECURITY DEFINER property. These views enforce Postgres permissions and row level security policies (RLS) of the view creator, rather than that of the querying user",View \`public.dashboard_scraper_stats\` is defined with the SECURITY DEFINER property,https://supabase.com/docs/guides/database/database-linter?lint=0010_security_definer_view,"{""name"":""dashboard_scraper_stats"",""type"":""view"",""schema"":""public""}",security_definer_view_public_dashboard_scraper_stats
security_definer_view,Security Definer View,ERROR,EXTERNAL,"[""SECURITY""]","Detects views defined with the SECURITY DEFINER property. These views enforce Postgres permissions and row level security policies (RLS) of the view creator, rather than that of the querying user",View \`public.products_published\` is defined with the SECURITY DEFINER property,https://supabase.com/docs/guides/database/database-linter?lint=0010_security_definer_view,"{""name"":""products_published"",""type"":""view"",""schema"":""public""}",security_definer_view_public_products_published
rls_disabled_in_public,RLS Disabled in Public,ERROR,EXTERNAL,"[""SECURITY""]",Detects cases where row level security (RLS) has not been enabled on tables in schemas exposed to PostgREST,"Table \`public.order_events\` is public, but RLS has not been enabled.",https://supabase.com/docs/guides/database/database-linter?lint=0013_rls_disabled_in_public,"{""name"":""order_events"",""type"":""table"",""schema"":""public""}",rls_disabled_in_public_public_order_events
rls_disabled_in_public,RLS Disabled in Public,ERROR,EXTERNAL,"[""SECURITY""]",Detects cases where row level security (RLS) has not been enabled on tables in schemas exposed to PostgREST,"Table \`public.order_source_records\` is public, but RLS has not been enabled.",https://supabase.com/docs/guides/database/database-linter?lint=0013_rls_disabled_in_public,"{""name"":""order_source_records"",""type"":""table"",""schema"":""public""}",rls_disabled_in_public_public_order_source_records
rls_disabled_in_public,RLS Disabled in Public,ERROR,EXTERNAL,"[""SECURITY""]",Detects cases where row level security (RLS) has not been enabled on tables in schemas exposed to PostgREST,"Table \`public.inventory_items\` is public, but RLS has not been enabled.",https://supabase.com/docs/guides/database/database-linter?lint=0013_rls_disabled_in_public,"{""name"":""inventory_items"",""type"":""table"",""schema"":""public""}",rls_disabled_in_public_public_inventory_items
rls_disabled_in_public,RLS Disabled in Public,ERROR,EXTERNAL,"[""SECURITY""]",Detects cases where row level security (RLS) has not been enabled on tables in schemas exposed to PostgREST,"Table \`public.inventory_reconciliation_items\` is public, but RLS has not been enabled.",https://supabase.com/docs/guides/database/database-linter?lint=0013_rls_disabled_in_public,"{""name"":""inventory_reconciliation_items"",""type"":""table"",""schema"":""public""}",rls_disabled_in_public_public_inventory_reconciliation_items
rls_disabled_in_public,RLS Disabled in Public,ERROR,EXTERNAL,"[""SECURITY""]",Detects cases where row level security (RLS) has not been enabled on tables in schemas exposed to PostgREST,"Table \`public.promo_codes\` is public, but RLS has not been enabled.",https://supabase.com/docs/guides/database/database-linter?lint=0013_rls_disabled_in_public,"{""name"":""promo_codes"",""type"":""table"",""schema"":""public""}",rls_disabled_in_public_public_promo_codes
rls_disabled_in_public,RLS Disabled in Public,ERROR,EXTERNAL,"[""SECURITY""]",Detects cases where row level security (RLS) has not been enabled on tables in schemas exposed to PostgREST,"Table \`public.promo_redemptions\` is public, but RLS has not been enabled.",https://supabase.com/docs/guides/database/database-linter?lint=0013_rls_disabled_in_public,"{""name"":""promo_redemptions"",""type"":""table"",""schema"":""public""}",rls_disabled_in_public_public_promo_redemptions
rls_disabled_in_public,RLS Disabled in Public,ERROR,EXTERNAL,"[""SECURITY""]",Detects cases where row level security (RLS) has not been enabled on tables in schemas exposed to PostgREST,"Table \`public.b2b_feeds\` is public, but RLS has not been enabled.",https://supabase.com/docs/guides/database/database-linter?lint=0013_rls_disabled_in_public,"{""name"":""b2b_feeds"",""type"":""table"",""schema"":""public""}",rls_disabled_in_public_public_b2b_feeds
rls_disabled_in_public,RLS Disabled in Public,ERROR,EXTERNAL,"[""SECURITY""]",Detects cases where row level security (RLS) has not been enabled on tables in schemas exposed to PostgREST,"Table \`public.inventory_reconciliation\` is public, but RLS has not been enabled.",https://supabase.com/docs/guides/database/database-linter?lint=0013_rls_disabled_in_public,"{""name"":""inventory_reconciliation"",""type"":""table"",""schema"":""public""}",rls_disabled_in_public_public_inventory_reconciliation
rls_disabled_in_public,RLS Disabled in Public,ERROR,EXTERNAL,"[""SECURITY""]",Detects cases where row level security (RLS) has not been enabled on tables in schemas exposed to PostgREST,"Table \`public.shopsite_credentials\` is public, but RLS has not been enabled.",https://supabase.com/docs/guides/database/database-linter?lint=0013_rls_disabled_in_public,"{""name"":""shopsite_credentials"",""type"":""table"",""schema"":""public""}",rls_disabled_in_public_public_shopsite_credentials
rls_disabled_in_public,RLS Disabled in Public,ERROR,EXTERNAL,"[""SECURITY""]",Detects cases where row level security (RLS) has not been enabled on tables in schemas exposed to PostgREST,"Table \`public.preorder_groups\` is public, but RLS has not been enabled.",https://supabase.com/docs/guides/database/database-linter?lint=0013_rls_disabled_in_public,"{""name"":""preorder_groups"",""type"":""table"",""schema"":""public""}",rls_disabled_in_public_public_preorder_groups
rls_disabled_in_public,RLS Disabled in Public,ERROR,EXTERNAL,"[""SECURITY""]",Detects cases where row level security (RLS) has not been enabled on tables in schemas exposed to PostgREST,"Table \`public.preorder_batches\` is public, but RLS has not been enabled.",https://supabase.com/docs/guides/database/database-linter?lint=0013_rls_disabled_in_public,"{""name"":""preorder_batches"",""type"":""table"",""schema"":""public""}",rls_disabled_in_public_public_preorder_batches
rls_disabled_in_public,RLS Disabled in Public,ERROR,EXTERNAL,"[""SECURITY""]",Detects cases where row level security (RLS) has not been enabled on tables in schemas exposed to PostgREST,"Table \`public.product_preorder_groups\` is public, but RLS has not been enabled.",https://supabase.com/docs/guides/database/database-linter?lint=0013_rls_disabled_in_public,"{""name"":""product_preorder_groups"",""type"":""table"",""schema"":""public""}",rls_disabled_in_public_public_product_preorder_groups
rls_disabled_in_public,RLS Disabled in Public,ERROR,EXTERNAL,"[""SECURITY""]",Detects cases where row level security (RLS) has not been enabled on tables in schemas exposed to PostgREST,"Table \`public.brand_sources\` is public, but RLS has not been enabled.",https://supabase.com/docs/guides/database/database-linter?lint=0013_rls_disabled_in_public,"{""name"":""brand_sources"",""type"":""table"",""schema"":""public""}",rls_disabled_in_public_public_brand_sources
rls_disabled_in_public,RLS Disabled in Public,ERROR,EXTERNAL,"[""SECURITY""]",Detects cases where row level security (RLS) has not been enabled on tables in schemas exposed to PostgREST,"Table \`public.ai_provider_configs\` is public, but RLS has not been enabled.",https://supabase.com/docs/guides/database/database-linter?lint=0013_rls_disabled_in_public,"{""name"":""ai_provider_configs"",""type"":""table"",""schema"":""public""}",rls_disabled_in_public_public_ai_provider_configs
rls_disabled_in_public,RLS Disabled in Public,ERROR,EXTERNAL,"[""SECURITY""]",Detects cases where row level security (RLS) has not been enabled on tables in schemas exposed to PostgREST,"Table \`public.product_types\` is public, but RLS has not been enabled.",https://supabase.com/docs/guides/database/database-linter?lint=0013_rls_disabled_in_public,"{""name"":""product_types"",""type"":""table"",""schema"":""public""}",rls_disabled_in_public_public_product_types